Attribute,Accuracy,Precision,Recall,F1 Score
C4.5,0.5904761904761905,0.5297216643608396,0.5904761904761905,0.5145252908533597
ID3,0.5904761904761905,0.5297216643608396,0.5904761904761905,0.5145252908533597
Cart,0.6190476190476191,0.6128593947036571,0.6190476190476191,0.6128761634962283
Cart,0.6190476190476191,0.6128593947036571,0.6190476190476191,0.6128761634962283
ID3,0.5904761904761905,0.5297216643608396,0.5904761904761905,0.5145252908533597
